{"cameraMode":{"drawMode":0,"name":"Shaded","section":"Shading Mode"},"sceneLighting":false,"audioPlay":false,"sceneViewState":{"showFog":false,"showMaterialUpdate":false,"showSkybox":false,"showFlares":false,"showImageEffects":false,"showParticleSystems":false},"in2DMode":false,"pivot":{"x":0.12774372100830079,"y":-0.001331329345703125,"z":3.292269706726074},"rotation":{"x":0.08919012546539307,"y":0.716192901134491,"z":-0.09313195943832398,"w":0.6859064102172852},"size":11.402966499328614,"orthographic":false}