{"cameraMode":{"drawMode":0,"name":"Shaded","section":"Shading Mode"},"sceneLighting":false,"audioPlay":false,"sceneViewState":{"showFog":false,"showMaterialUpdate":false,"showSkybox":false,"showFlares":false,"showImageEffects":false,"showParticleSystems":false},"in2DMode":false,"pivot":{"x":721.89599609375,"y":554.181396484375,"z":-4.4414520263671879},"rotation":{"x":-0.034184619784355167,"y":-0.000001494115622335812,"z":-2.919639641163485e-8,"w":0.9994416236877441},"size":449.5977783203125,"orthographic":false}